Title,Author,Publication Year,Status
The Woman's Herbal Apothecary,JJ Pursell,2018,[]
Kettlebell Simple & Sinister,Pavel Tsatsouline,2013,[]
Briar Club,Kate Quinn,2024,[]
Handbook of Autobiography / Autofiction,Martina Wagner-Egelhaaf,2019,[]
Korban Iblis,B. A. Rahmady,1988,[]
The rings of Kether,Andrew Chapman,1985,"['Borrow', 'Listen']"
A geological reconnaissance of the sedimentary deposits of the Protectorate of British Somaliland,Somaliland Oil Exploration Company.,1954,[]
Pharaoh,Wilbur Smith,2016,['Preview Only']
Vietnam and Vietnamese =,Khamchong Luangpraseut.,1995,"['Borrow', 'Listen']"
Mi6 Spy Skills for Civilians,Red Riley,2020,[]
Dare to lead,Brené Brown,2018,[]
Cats--naturally,Juliette de Baïracli-Levy,1991,[]
All In One Science Class 9th,Arihant Experts (Author),2017,[]
Qualitative Forschungsmethoden : Prägnant und Anwendungsorientiert,Rolf Kirchmair,2022,[]
Never Lie,Freida McFadden,2022,[]
On Writing Well: An Informal Guide to Writing Nonfiction,William Zinsser,1976,['Preview Only']
Divergent,Veronica Roth,2010,['Preview Only']
A Court of Frost and Starlight,Sarah J. Maas,2014,[]
Guess How Much I Love You,Sam McBratney,1839,"['Borrow', 'Listen']"
Travellers in Europe,J. G. Links,1980,"['Borrow', 'Listen']"
Control Your Mind and Master Your Feelings,Eric Robertson,2019,[]
Atomic Habits,James Clear,2016,['Preview Only']
The 48 Laws of Power,Robert Greene,1998,"['Borrow', 'Listen']"
The Secret Language of Birthdays: Personology Profiles for Each Day of the Year,Gary Goldschneider,1992,[]
The Psychology of Money,Morgan Housel,2020,[]
The Power of Your Subconscious Mind,Joseph Murphy,1963,['Preview Only']
Culpa nuestra,Mercedes Ron,2014,[]
Our Fault,Mercedes Ron,2024,[]
My Fault,Mercedes Ron,2017,[]
Think and Grow Rich,Napoleon Hill,1937,"['Borrow', 'Listen']"
"Rich Dad, Poor Dad",Robert T. Kiyosaki,1990,"['Borrow', 'Listen']"
A Game of Thrones,George R. R. Martin,1996,"['Borrow', 'Listen']"
I Don't Love You Anymore,Rithvik Singh,2020,[]
Harry Potter and the Philosopher's Stone,J. K. Rowling,1997,"['Borrow', 'Listen']"
The Subtle Art of Not Giving a F*ck,Mark Manson,2016,"['Borrow', 'Listen']"
Can't Hurt Me: Master Your Mind and Defy the Odds,David Goggins,2018,[]
Twisted Love,Ana Huang,2021,[]
The 7 Habits of Highly Effective People,Stephen R. Covey,1989,"['Borrow', 'Listen']"
How to Win Friends and Influence People,Dale Carnegie,1913,"['Borrow', 'Listen']"
Why Men Love Bitches,Sherry Argov,2022,[]
Control Your Mind and Master Your Feelings,Eric Robertson,2019,[]
Atomic Habits,James Clear,2016,['Preview Only']
The 48 Laws of Power,Robert Greene,1998,"['Borrow', 'Listen']"
The Secret Language of Birthdays: Personology Profiles for Each Day of the Year,Gary Goldschneider,1992,[]
The Psychology of Money,Morgan Housel,2020,[]
Think and Grow Rich,Napoleon Hill,1937,"['Borrow', 'Listen']"
Twisted Love,Ana Huang,2021,[]
"Rich Dad, Poor Dad",Robert T. Kiyosaki,1990,"['Borrow', 'Listen']"
A Game of Thrones,George R. R. Martin,1996,"['Borrow', 'Listen']"
Harry Potter and the Philosopher's Stone,J. K. Rowling,1997,"['Borrow', 'Listen']"
I Don't Love You Anymore,Rithvik Singh,2020,[]
Haunting Adeline,H. D. Carlton,2021,[]
The Subtle Art of Not Giving a F*ck,Mark Manson,2016,"['Borrow', 'Listen']"
Read People Like a Book,Patrick King,2020,[]
The Power of Your Subconscious Mind,Joseph Murphy,1963,['Preview Only']
Our Fault,Mercedes Ron,2024,[]
Culpa nuestra,Mercedes Ron,2014,[]
How to Win Friends and Influence People,Dale Carnegie,1913,"['Borrow', 'Listen']"
It Ends With Us,Colleen Hoover,2012,['Preview Only']
The Alchemist,Paulo Coelho,1988,"['Borrow', 'Listen']"
Control Your Mind and Master Your Feelings,Eric Robertson,2019,[]
Atomic Habits,James Clear,2016,['Preview Only']
The 48 Laws of Power,Robert Greene,1998,"['Borrow', 'Listen']"
The Psychology of Money,Morgan Housel,2020,[]
A Game of Thrones,George R. R. Martin,1996,"['Borrow', 'Listen']"
Think and Grow Rich,Napoleon Hill,1937,"['Borrow', 'Listen']"
Harry Potter and the Philosopher's Stone,J. K. Rowling,1997,"['Borrow', 'Listen']"
Twisted Love,Ana Huang,2021,[]
The Subtle Art of Not Giving a F*ck,Mark Manson,2016,"['Borrow', 'Listen']"
"Rich Dad, Poor Dad",Robert T. Kiyosaki,1990,"['Borrow', 'Listen']"
I Don't Love You Anymore,Rithvik Singh,2020,[]
Haunting Adeline,H. D. Carlton,2021,[]
Read People Like a Book,Patrick King,2020,[]
The Secret Language of Birthdays: Personology Profiles for Each Day of the Year,Gary Goldschneider,1992,[]
How to Win Friends and Influence People,Dale Carnegie,1913,"['Borrow', 'Listen']"
The Power of Your Subconscious Mind,Joseph Murphy,1963,['Preview Only']
It Ends With Us,Colleen Hoover,2012,['Preview Only']
Wicked,Gregory Maguire,1995,['Preview Only']
The Art of War,Sun Tzu,1900,"['Read', 'Listen']"
The Alchemist,Paulo Coelho,1988,"['Borrow', 'Listen']"
Control Your Mind and Master Your Feelings,Eric Robertson,2019,[]
Atomic Habits,James Clear,2016,['Preview Only']
The 48 Laws of Power,Robert Greene,1998,"['Borrow', 'Listen']"
I Don't Love You Anymore,Rithvik Singh,2020,[]
It Ends With Us,Colleen Hoover,2012,['Preview Only']
Twisted Love,Ana Huang,2021,[]
Um casamento arranjado,Zana Kheiron,2019,[]
The Psychology of Money,Morgan Housel,2020,[]
"Rich Dad, Poor Dad",Robert T. Kiyosaki,1990,"['Borrow', 'Listen']"
A Game of Thrones,George R. R. Martin,1996,"['Borrow', 'Listen']"
Haunting Adeline,H. D. Carlton,2021,[]
Think and Grow Rich,Napoleon Hill,1937,"['Borrow', 'Listen']"
Harry Potter and the Philosopher's Stone,J. K. Rowling,1997,"['Borrow', 'Listen']"
The Subtle Art of Not Giving a F*ck,Mark Manson,2016,"['Borrow', 'Listen']"
Icebreaker,Hannah Grace,2020,[]
Read People Like a Book,Patrick King,2020,[]
The Power of Your Subconscious Mind,Joseph Murphy,1963,['Preview Only']
It Starts with Us,Colleen Hoover,2022,[]
How to Win Friends and Influence People,Dale Carnegie,1913,"['Borrow', 'Listen']"
Twisted Lies,Ana Huang,2022,[]
Atomic Habits,James Clear,2016,['Preview Only']
It Ends With Us,Colleen Hoover,2012,['Preview Only']
The 48 Laws of Power,Robert Greene,1998,"['Borrow', 'Listen']"
The Subtle Art of Not Giving a F*ck,Mark Manson,2016,"['Borrow', 'Listen']"
Um casamento arranjado,Zana Kheiron,2019,[]
"Rich Dad, Poor Dad",Robert T. Kiyosaki,1990,"['Borrow', 'Listen']"
Harry Potter and the Philosopher's Stone,J. K. Rowling,1997,"['Borrow', 'Listen']"
Control Your Mind and Master Your Feelings,Eric Robertson,2019,[]
It Starts with Us,Colleen Hoover,2022,[]
Think and Grow Rich,Napoleon Hill,1937,"['Borrow', 'Listen']"
Latidos Que No Dije,Roos,2022,[]
How to Win Friends and Influence People,Dale Carnegie,1913,"['Borrow', 'Listen']"
Twisted Love,Ana Huang,2021,[]
A Game of Thrones,George R. R. Martin,1996,"['Borrow', 'Listen']"
The Psychology of Money,Morgan Housel,2020,[]
It,Stephen King,1925,"['Borrow', 'Listen']"
A Court of Mist and Fury,Sarah J. Maas,2014,['Preview Only']
The Love Hypothesis,Ali Hazelwood,2021,[]
Haunting Adeline,H. D. Carlton,2021,[]
Shatter Me,Tahereh Mafi,2011,['Preview Only']
